{
  "hash": "45946b6b",
  "configHash": "5da6b9c9",
  "lockfileHash": "679a2f93",
  "browserHash": "c5294192",
  "optimized": {
    "@angular/core": {
      "src": "../../../../../node_modules/@angular/core/fesm2022/core.mjs",
      "file": "@angular_core.js",
      "fileHash": "9832e7db",
      "needsInterop": false
    },
    "@angular/forms": {
      "src": "../../../../../node_modules/@angular/forms/fesm2022/forms.mjs",
      "file": "@angular_forms.js",
      "fileHash": "b4ee2245",
      "needsInterop": false
    },
    "@angular/platform-browser": {
      "src": "../../../../../node_modules/@angular/platform-browser/fesm2022/platform-browser.mjs",
      "file": "@angular_platform-browser.js",
      "fileHash": "b88a1fea",
      "needsInterop": false
    },
    "@angular/router": {
      "src": "../../../../../node_modules/@angular/router/fesm2022/router.mjs",
      "file": "@angular_router.js",
      "fileHash": "a4ab67ea",
      "needsInterop": false
    },
    "@angular/common": {
      "src": "../../../../../node_modules/@angular/common/fesm2022/common.mjs",
      "file": "@angular_common.js",
      "fileHash": "2f779867",
      "needsInterop": false
    }
  },
  "chunks": {
    "chunk-HVUDDNBE": {
      "file": "chunk-HVUDDNBE.js"
    },
    "chunk-YB7WXP4O": {
      "file": "chunk-YB7WXP4O.js"
    },
    "chunk-5YL2E2YL": {
      "file": "chunk-5YL2E2YL.js"
    }
  }
}